generation,best_fitness,mean_fitness,min_fitness
0,128.4333333333333,29.587555555555554,1.0
1,286.9666666666667,37.300888888888885,1.0
